loss,grad_norm,learning_rate,epoch,step
2.7077,0.4296875,0.00016160000000000002,0.2,25
2.6279,0.421875,0.0001216,0.4,50
2.6237,0.41796875,8.16e-05,0.6,75
2.6156,0.404296875,4.16e-05,0.8,100
2.6119,0.421875,1.6000000000000001e-06,1.0,125
